{"_step":16,"_wandb":{"runtime":191},"train_loss":0.648149311542511,"_timestamp":1.7395787778363724e+09,"_runtime":191.40563363}