{"_timestamp":1.7394819968596349e+09,"_runtime":105256.750956712,"_wandb":{"runtime":105256},"_step":6200,"train_loss":0.11562549835070968}