{"_wandb":{"runtime":26},"train_loss":0.4365587830543518,"_timestamp":1.7395197802168388e+09,"_runtime":26.566419708,"_step":1}