{"_step":2,"_wandb":{"runtime":48},"train_loss":0.4627981297671795,"_timestamp":1.7395202544547458e+09,"_runtime":48.696609074}