{"train_loss":0.8578590899705887,"_timestamp":1.7398160032682488e+09,"_runtime":44.485504355,"_step":1,"_wandb":{"runtime":44}}