{"_wandb":{"runtime":22749},"_runtime":22749.651020633,"_step":1712,"train_loss":0.16172360256314278,"_timestamp":1.7395784794986691e+09}