{"train_loss":0.20633933960925788,"_timestamp":1.7398423916770816e+09,"_runtime":12851.579614507,"_step":866,"_wandb":{"runtime":12851}}