{"_wandb":{"runtime":32},"train_loss":0.7308130115270615,"_timestamp":1.7395521776996775e+09,"_runtime":32.779699748,"_step":1}