{"train_loss":0.13776996918022633,"_wandb":{"runtime":24628},"_timestamp":1.7395451089974854e+09,"_runtime":24628.057042022,"_step":2349}