{"_wandb":{"runtime":27},"train_loss":0.4365587830543518,"_timestamp":1.7395172032235475e+09,"_runtime":27.976516151,"_step":1}