{"_runtime":8665.024296836,"_wandb":{"runtime":8665},"_step":500,"train_loss":0.3880966631695628,"_timestamp":1.7393652132080834e+09}