{"_timestamp":1.7395555703334587e+09,"_runtime":3355.561095313,"_wandb":{"runtime":3355},"_step":206,"train_loss":0.03195889666676521}