{"_step":11,"_wandb":{"runtime":141},"train_loss":0.48250413686037064,"_timestamp":1.7395453664167988e+09,"_runtime":141.038323676}