{"_timestamp":1.7398294362196085e+09,"_wandb":{"runtime":13408},"_runtime":13408.04206739,"_step":819,"train_loss":0.1564138517715037}