{"_timestamp":1.7395497867132142e+09,"_runtime":4388.514072576,"_wandb":{"runtime":4388},"_step":366,"train_loss":0.212737993337214}