{"_wandb":{"runtime":1917},"train_loss":0.339670293033123,"_timestamp":1.7395521000571122e+09,"_runtime":1917.667516777,"_step":147}