{"_step":3,"_wandb":{"runtime":74},"train_loss":0.8870655298233032,"_timestamp":1.7398428590018344e+09,"_runtime":74.364798125}