{"_step":1,"_wandb":{"runtime":37},"train_loss":1.017863441258669,"_timestamp":1.73935645927212e+09,"_runtime":37.934082843}